project,artifactid,groupId,name,path
geomajas-project-client-gwt,geomajas-project-client-gwt,org.geomajas.project,Geomajas GWT client: Main - Parent POM,/
geomajas-project-client-gwt,geomajas-gwt-archetype,org.geomajas,Geomajas GWT client: Main - Archetype,/archetype
geomajas-project-client-gwt,geomajas-gwt-client,org.geomajas,Geomajas GWT client: Main - Implementation,/client
geomajas-project-client-gwt,geomajas-client-common-gwt-smartgwt,org.geomajas,Geomajas GWT client: Commons - Library,/common-gwt-smartgwt
geomajas-project-client-gwt,geomajas-face-gwt-documentation,org.geomajas,Geomajas GWT client: Main - Documentation,/documentation
geomajas-project-client-gwt,geomajas-gwt-example-base,org.geomajas,Geomajas GWT client: Main - Example base,/example-base
geomajas-project-client-gwt,geomajas-gwt-face-example-jar,org.geomajas,Geomajas GWT client: Main - Example jar,/example-jar
geomajas-project-client-gwt,geomajas-gwt-face-example,org.geomajas,Geomajas GWT client: Main - Example,/example
geomajas-project-client-gwt,geomajas-client-gwt-plugin-parent,org.geomajas,Geomajas GWT client: Plugin parent,/plugin
geomajas-project-client-gwt,geomajas-client-gwt-plugin-editing-parent,org.geomajas.plugin,Geomajas GWT client: Plugin Editing – Parent,/plugin/editing
geomajas-project-client-gwt,geomajas-plugin-editing-gwt-example-jar,org.geomajas.plugin,Geomajas GWT client: Plugin Editing - Example jar,/plugin/editing/editing-gwt-example-jar
geomajas-project-client-gwt,geomajas-plugin-editing-gwt-example,org.geomajas.plugin,Geomajas GWT client: Plugin Editing – Example,/plugin/editing/editing-gwt-example
geomajas-project-client-gwt,geomajas-plugin-editing-gwt,org.geomajas.plugin,Geomajas GWT client: Plugin Editing – GWT,/plugin/editing/editing-gwt
geomajas-project-client-gwt,geomajas-plugin-editing-javascript-api-gwt,org.geomajas.plugin,Geomajas GWT client: Plugin Editing - Javascript API GWT,/plugin/editing/editing-javascript-api-gwt
geomajas-project-client-gwt,geomajas-plugin-editing-javascript-api,org.geomajas.plugin,Geomajas GWT client: Plugin Editing - Javascript API,/plugin/editing/editing-javascript-api
geomajas-project-client-gwt,geomajas-plugin-editing-javascript-gwt-example,org.geomajas.plugin,Geomajas GWT client: Plugin Editing - Javascript Application,/plugin/editing/editing-javascript-gwt-example
geomajas-project-client-gwt,geomajas-client-gwt-plugin-geocoder-parent,org.geomajas.plugin,Geomajas GWT client: Plugin Geocoder – Parent,/plugin/geocoder
geomajas-project-client-gwt,geomajas-plugin-geocoder-gwt-example-jar,org.geomajas.plugin,Geomajas GWT client: Plugin Geocoder - Example jar,/plugin/geocoder/geocoder-gwt-example-jar
geomajas-project-client-gwt,geomajas-plugin-geocoder-gwt-example,org.geomajas.plugin,Geomajas GWT client: Plugin Geocoder – Example,/plugin/geocoder/geocoder-gwt-example
geomajas-project-client-gwt,geomajas-plugin-geocoder-gwt,org.geomajas.plugin,Geomajas GWT client: Plugin Geocoder – GWT,/plugin/geocoder/geocoder-gwt
geomajas-project-client-gwt,geomajas-client-gwt-plugin-javascript-api-parent,org.geomajas.plugin,Geomajas GWT client: Plugin JavaScript API – Parent,/plugin/javascript-api
geomajas-project-client-gwt,geomajas-plugin-javascript-api-gwt-example,org.geomajas.plugin,Geomajas GWT client: Plugin JavaScript API – Example,/plugin/javascript-api/javascript-api-gwt-example
geomajas-project-client-gwt,geomajas-plugin-javascript-api-gwt,org.geomajas.plugin,Geomajas GWT client: Plugin JavaScript API – GWT,/plugin/javascript-api/javascript-api-gwt
geomajas-project-client-gwt,geomajas-plugin-javascript-api,org.geomajas.plugin,Geomajas GWT client: Plugin JavaScript API,/plugin/javascript-api/javascript-api
geomajas-project-client-gwt,geomajas-client-gwt-layer-geotools-parent,org.geomajas.plugin,Geomajas GWT client: Layer Geotools – Parent,/plugin/layer-geotools
geomajas-project-client-gwt,geomajas-layer-geotools-gwt-example-jar,org.geomajas.plugin,Geomajas GWT client: Layer Geotools - Example jar,/plugin/layer-geotools/geotools-gwt-example-jar
geomajas-project-client-gwt,geomajas-layer-geotools-gwt-example,org.geomajas.plugin,Geomajas GWT client: Layer Geotools – Example,/plugin/layer-geotools/geotools-gwt-example
geomajas-project-client-gwt,geomajas-client-gwt-layer-googlemaps-parent,org.geomajas.plugin,Geomajas GWT client: Layer Google Maps – Parent,/plugin/layer-googlemaps
geomajas-project-client-gwt,geomajas-client-gwt-layer-googlemaps-example-jar,org.geomajas.plugin,Geomajas GWT client: Layer Google Maps - Example jar,/plugin/layer-googlemaps/googlemaps-example-jar
geomajas-project-client-gwt,geomajas-client-gwt-layer-googlemaps-example,org.geomajas.plugin,Geomajas GWT client: Layer Google Maps – Example,/plugin/layer-googlemaps/googlemaps-example
geomajas-project-client-gwt,geomajas-client-gwt-layer-googlemaps,org.geomajas.plugin,Geomajas GWT client: Layer Google Maps - GWT implementation,/plugin/layer-googlemaps/googlemaps
geomajas-project-client-gwt,geomajas-client-gwt-layer-wms-parent,org.geomajas.plugin,Geomajas GWT client: Layer Wms – Parent,/plugin/layer-wms
geomajas-project-client-gwt,geomajas-layer-wms-gwt-example-jar,org.geomajas.plugin,Geomajas GWT client: Layer Wms - Example jar,/plugin/layer-wms/wms-gwt-example-jar
geomajas-project-client-gwt,geomajas-layer-wms-gwt-example,org.geomajas.plugin,Geomajas GWT client: Layer Wms – Example,/plugin/layer-wms/wms-gwt-example
geomajas-project-client-gwt,geomajas-layer-wms-gwt,org.geomajas.plugin,Geomajas GWT client: Layer Wms – Parent,/plugin/layer-wms/wms-gwt
geomajas-project-client-gwt,geomajas-client-gwt-plugin-print-parent,org.geomajas.plugin,Geomajas GWT client: Plugin Print – Parent,/plugin/print
geomajas-project-client-gwt,geomajas-client-gwt-plugin-print-example-jar,org.geomajas.plugin,Geomajas GWT client: Plugin Print - Example jar,/plugin/print/print-gwt-example-jar
geomajas-project-client-gwt,geomajas-client-gwt-plugin-print-example,org.geomajas.plugin,Geomajas GWT client: Plugin Print – Example,/plugin/print/print-gwt-example
geomajas-project-client-gwt,geomajas-plugin-print-gwt,org.geomajas.plugin,Geomajas GWT client: Plugin Print – GWT,/plugin/print/print-gwt
geomajas-project-client-gwt,geomajas-client-gwt-plugin-rasterizing-parent,org.geomajas.plugin,Geomajas GWT client: Plugin Rasterizing – Parent,/plugin/rasterizing
geomajas-project-client-gwt,geomajas-plugin-rasterizing-gwt-example-jar,org.geomajas.plugin,Geomajas GWT client: Plugin Rasterizing - Example jar,/plugin/rasterizing/rasterizing-gwt-example-jar
geomajas-project-client-gwt,geomajas-plugin-rasterizing-gwt-example,org.geomajas.plugin,Geomajas GWT client: Plugin Rasterizing – Example,/plugin/rasterizing/rasterizing-gwt-example
geomajas-project-client-gwt,geomajas-plugin-rasterizing-gwt,org.geomajas.plugin,Geomajas GWT client: Plugin Rasterizing – Gwt,/plugin/rasterizing/rasterizing-gwt
geomajas-project-client-gwt,geomajas-client-gwt-plugin-reporting-parent,org.geomajas.plugin,Geomajas GWT client: Plugin Reporting – Parent,/plugin/reporting
geomajas-project-client-gwt,geomajas-plugin-reporting-gwt-example,org.geomajas.plugin,Geomajas GWT client: Plugin Reporting – Example,/plugin/reporting/reporting-gwt-example
geomajas-project-client-gwt,geomajas-plugin-reporting-gwt,org.geomajas.plugin,Geomajas GWT client: Plugin Reporting – GWT,/plugin/reporting/reporting-gwt
geomajas-project-client-gwt,geomajas-client-gwt-plugin-runtimeconfig-parent,org.geomajas.plugin,Geomajas GWT client: Plugin Runtimeconfig – Parent,/plugin/runtimeconfig
geomajas-project-client-gwt,geomajas-plugin-runtimeconfig-gwt-example-jar,org.geomajas.plugin,Geomajas GWT client: Plugin Runtimeconfig - Example jar,/plugin/runtimeconfig/runtimeconfig-gwt-example-jar
geomajas-project-client-gwt,geomajas-plugin-runtimeconfig-gwt-example,org.geomajas.plugin,Geomajas GWT client: Plugin Runtimeconfig – Example,/plugin/runtimeconfig/runtimeconfig-gwt-example
geomajas-project-client-gwt,geomajas-plugin-runtimeconfig-gwt,org.geomajas.plugin,Geomajas GWT client: Plugin Runtimeconfig – GWT,/plugin/runtimeconfig/runtimeconfig-gwt
geomajas-project-client-gwt,geomajas-client-gwt-plugin-staticsecurity-parent,org.geomajas.plugin,Geomajas GWT client: Plugin Staticsecurity – Parent,/plugin/staticsecurity
geomajas-project-client-gwt,geomajas-plugin-staticsecurity-gwt-example,org.geomajas.plugin,Geomajas GWT client: Plugin Staticsecurity – Example,/plugin/staticsecurity/staticsecurity-gwt-example
geomajas-project-client-gwt,geomajas-plugin-staticsecurity-gwt,org.geomajas.plugin,Geomajas GWT client: Plugin Staticsecurity – GWT,/plugin/staticsecurity/staticsecurity-gwt
geomajas-project-client-gwt,geomajas-client-gwt-plugin-vendorspecificpipeline-parent,org.geomajas.plugin,Geomajas GWT client: Plugin Vendorspecificpipeline – Parent,/plugin/vendorspecificpipeline
geomajas-project-client-gwt,geomajas-plugin-vendorspecificpipeline-gwt-example-jar,org.geomajas.plugin,Geomajas GWT client: Plugin Vendorspecificpipeline - Example jar,/plugin/vendorspecificpipeline/vendorspecificpipeline-gwt-example-jar
geomajas-project-client-gwt,geomajas-plugin-vendorspecificpipeline-gwt-example,org.geomajas.plugin,Geomajas GWT client: Plugin Vendorspecificpipeline – Example,/plugin/vendorspecificpipeline/vendorspecificpipeline-gwt-example
geomajas-project-client-gwt,geomajas-client-gwt-widget-advancedviews-parent,org.geomajas.plugin,Geomajas GWT client: Plugin Widget Advancedviews – Parent,/plugin/widget-advancedviews
geomajas-project-client-gwt,geomajas-widget-advancedviews-documentation,org.geomajas.widget,Geomajas GWT client: Plugin Widget Advancedviews – Documentation,/plugin/widget-advancedviews/advancedviews-documentation
geomajas-project-client-gwt,geomajas-widget-advancedviews-gwt-example,org.geomajas.widget,Geomajas GWT client: Plugin Widget Advancedviews – Example,/plugin/widget-advancedviews/advancedviews-gwt-example
geomajas-project-client-gwt,geomajas-widget-advancedviews-gwt,org.geomajas.widget,Geomajas GWT client: Plugin Widget Advancedviews – GWT,/plugin/widget-advancedviews/advancedviews-gwt
geomajas-project-client-gwt,geomajas-widget-advancedviews,org.geomajas.widget,Geomajas GWT client: Plugin Widget Advancedviews – Server,/plugin/widget-advancedviews/advancedviews
geomajas-project-client-gwt,geomajas-client-gwt-widget-featureinfo-parent,org.geomajas.plugin,Geomajas GWT client: Plugin Widget Featureinfo – Parent,/plugin/widget-featureinfo
geomajas-project-client-gwt,geomajas-widget-featureinfo-documentation,org.geomajas.widget,Geomajas GWT client: Plugin Widget Featureinfo – Documentation,/plugin/widget-featureinfo/featureinfo-documentation
geomajas-project-client-gwt,geomajas-widget-featureinfo-gwt-example-jar,org.geomajas.widget,Geomajas GWT client: Plugin Widget Featureinfo - Example jar,/plugin/widget-featureinfo/featureinfo-gwt-example-jar
geomajas-project-client-gwt,geomajas-widget-featureinfo-gwt-example,org.geomajas.widget,Geomajas GWT client: Plugin Widget Featureinfo – Example,/plugin/widget-featureinfo/featureinfo-gwt-example
geomajas-project-client-gwt,geomajas-widget-featureinfo-gwt,org.geomajas.widget,Geomajas GWT client: Plugin Widget Featureinfo – GWT,/plugin/widget-featureinfo/featureinfo-gwt
geomajas-project-client-gwt,geomajas-widget-featureinfo,org.geomajas.widget,Geomajas GWT client: Plugin Widget Featureinfo – Server,/plugin/widget-featureinfo/featureinfo
geomajas-project-client-gwt,geomajas-client-gwt-widget-layer-parent,org.geomajas.plugin,Geomajas GWT client: Plugin Widget Layer – Parent,/plugin/widget-layer
geomajas-project-client-gwt,geomajas-widget-layer-documentation,org.geomajas.widget,Geomajas GWT client: Plugin Widget Layer – Documentation,/plugin/widget-layer/layer-documentation
geomajas-project-client-gwt,geomajas-widget-layer-gwt-example-jar,org.geomajas.widget,Geomajas GWT client: Plugin Widget Layer - Example jar,/plugin/widget-layer/layer-gwt-example-jar
geomajas-project-client-gwt,geomajas-widget-layer-gwt-example,org.geomajas.widget,Geomajas GWT client: Plugin Widget Layer – Example,/plugin/widget-layer/layer-gwt-example
geomajas-project-client-gwt,geomajas-widget-layer-gwt,org.geomajas.widget,Geomajas GWT client: Plugin Widget Layer – GWT,/plugin/widget-layer/layer-gwt
geomajas-project-client-gwt,geomajas-widget-layer,org.geomajas.widget,Geomajas GWT client: Plugin Widget Layer – Server,/plugin/widget-layer/layer
geomajas-project-client-gwt,geomajas-client-gwt-widget-searchandfilter-parent,org.geomajas.plugin,Geomajas GWT client: Plugin Searchandfilter – Parent,/plugin/widget-searchandfilter
geomajas-project-client-gwt,geomajas-widget-searchandfilter-documentation,org.geomajas.widget,Geomajas GWT client: Plugin Searchandfilter – Documentation,/plugin/widget-searchandfilter/searchandfilter-documentation
geomajas-project-client-gwt,geomajas-widget-searchandfilter-gwt-example,org.geomajas.widget,Geomajas GWT client: Plugin Searchandfilter – Example,/plugin/widget-searchandfilter/searchandfilter-gwt-example
geomajas-project-client-gwt,geomajas-widget-searchandfilter-gwt,org.geomajas.widget,Geomajas GWT client: Plugin Searchandfilter – GWT,/plugin/widget-searchandfilter/searchandfilter-gwt
geomajas-project-client-gwt,geomajas-widget-searchandfilter-ribbon-gwt,org.geomajas.widget,Geomajas GWT client: Plugin Searchandfilter - Ribbon GWT,/plugin/widget-searchandfilter/searchandfilter-ribbon-gwt
geomajas-project-client-gwt,geomajas-widget-searchandfilter,org.geomajas.widget,Geomajas GWT client: Plugin Searchandfilter – Server,/plugin/widget-searchandfilter/searchandfilter
geomajas-project-client-gwt,geomajas-client-gwt-widget-utility-parent,org.geomajas.plugin,Geomajas GWT client: Plugin Widget Utility – Parent,/plugin/widget-utility
geomajas-project-client-gwt,geomajas-widget-utility-common-gwt,org.geomajas.widget,Geomajas GWT client: Plugin Widget Utility – Common,/plugin/widget-utility/utility-common-gwt
geomajas-project-client-gwt,geomajas-widget-utility-documentation,org.geomajas.widget,Geomajas GWT client: Plugin Widget Utility – Documentation,/plugin/widget-utility/utility-documentation
geomajas-project-client-gwt,geomajas-widget-utility-gwt-example-jar,org.geomajas.widget,Geomajas GWT client: Plugin Widget Utility - Example jar,/plugin/widget-utility/utility-gwt-example-jar
geomajas-project-client-gwt,geomajas-widget-utility-gwt-example,org.geomajas.widget,Geomajas GWT client: Plugin Widget Utility – Example,/plugin/widget-utility/utility-gwt-example
geomajas-project-client-gwt,geomajas-widget-utility-gwt,org.geomajas.widget,Geomajas GWT client: Plugin Widget Utility – GWT,/plugin/widget-utility/utility-gwt
geomajas-project-client-gwt,geomajas-widget-utility,org.geomajas.widget,Geomajas GWT client: Plugin Widget Utility – Server,/plugin/widget-utility/utility
geomajas-project-client-gwt,geomajas-client-gwt-smartgwt-archetype-documentation,org.geomajas.project,Geomajas GWT client: Main - Widget Archetype documentation,/smartgwt-archetype-documentation
geomajas-project-client-gwt,geomajas-client-gwt-smartgwt-archetype,org.geomajas,Geomajas GWT client: Main - GWT Archetype,/smartgwt-archetype
geomajas-project-javascript,geomajas-project-javascript-all,org.geomajas.project,Geomajas Project JavaScript – All,/
geomajas-project-javascript,geomajas-project-javascript-api,org.geomajas.project,Geomajas Project JavaScript – API,/api
geomajas-project-javascript,geomajas-project-javascript-common,org.geomajas.project,Geomajas Project JavaScript – Common,/common
geomajas-project-javascript,geomajas-project-javascript-documentation,org.geomajas.project,Geomajas Project JavaScript GWT2 – Documentation,/documentation
geomajas-project-javascript,geomajas-project-javascript-gwt2-parent,org.geomajas.project,Geomajas Project JavaScript GWT2 – Parent,/gwt2
geomajas-project-javascript,geomajas-project-javascript-assembly,org.geomajas.project,Geomajas Project JavaScript – Assembly,/gwt2/assembly
geomajas-project-javascript,geomajas-project-javascript-gwt2-example,org.geomajas.project,Geomajas Project JavaScript GWT2 – Example,/gwt2/example
geomajas-project-javascript,geomajas-project-javascript-gwt2-impl,org.geomajas.project,Geomajas Project JavaScript GWT2 – Implementation,/gwt2/impl
geomajas-project-javascript,geomajas-project-javascript-gwt2-server-extension-impl,org.geomajas.project,Geomajas Project JavaScript GWT2 - Server Extension Implementation,/gwt2/server-extension-impl
geomajas-project-javascript,geomajas-project-javascript-gwt2-server-extension-example,org.geomajas.project,Geomajas Project JavaScript GWT2 - Server Extension Examples,/gwt2/server-extension-example
geomajas-project-javascript,geomajas-project-javascript-server-extension-api,org.geomajas.project,Geomajas Project JavaScript Server Extension – API,/server-extension-api
geomajas-project-javascript,geomajas-project-javascript-javadoc,org.geomajas.project,Geomajas Project JavaScript – Javadoc,/javadoc
geomajas-project-server,geomajas-project-server,org.geomajas.project,Geomajas server project,/
geomajas-project-server,geomajas-api-experimental,org.geomajas.project,Geomajas server: Main - experimental api,/api-experimental
geomajas-project-server,geomajas-api,org.geomajas,Geomajas server: Main – api,/api
geomajas-project-server,geomajas-command,org.geomajas,Geomajas server: Main – commands,/command
geomajas-project-server,geomajas-common-servlet,org.geomajas,Geomajas server: Main - common servlets,/common-servlet
geomajas-project-server,geomajas-impl,org.geomajas,Geomajas server: Main – Implementation,/impl
geomajas-project-server,geomajas-testdata,org.geomajas,Geomajas server: Main - test data,/testdata
geomajas-project-server,geomajas-server-documenatation,org.geomajas.documentation,Geomajas Server: Main - Documentation,/documentation
geomajas-project-server,geomajas-project-server-javadoc,org.geomajas.project,Geomajas Server: Javadoc,/javadoc
geomajas-project-server,geomajas-server-plugin-parent,org.geomajas,Geomajas server: Plugin parent,/plugin
geomajas-project-server,geomajas-server-plugin-cache-parent,org.geomajas.plugin,Geomajas server: Plugin cache – Parent,/plugin/cache
geomajas-project-server,geomajas-plugin-cache-documentation,org.geomajas.plugin,Geomajas server: Plugin cache – Documentation,/plugin/cache/cache-documentation
geomajas-project-server,geomajas-plugin-cache-infinispan,org.geomajas.plugin,Geomajas server: Plugin cache – Infinispan,/plugin/cache/cache-infinispan
geomajas-project-server,geomajas-plugin-cache,org.geomajas.plugin,Geomajas server: Plugin cache – Implementation,/plugin/cache/cache
geomajas-project-server,geomajas-server-plugin-cache-javadoc,org.geomajas.plugin,Geomajas Server: Plugin Cache - Javadoc,/plugin/cache/cache-javadoc
geomajas-project-server,geomajas-server-face-rest-parent,org.geomajas.plugin,Geomajas server: REST – Parent,/plugin/face-rest
geomajas-project-server,geomajas-face-rest-documentation,org.geomajas.documentation,Geomajas server: REST – Documentation,/plugin/face-rest/face-rest-documentation
geomajas-project-server,geomajas-face-rest-example,org.geomajas,Geomajas server: REST – Example,/plugin/face-rest/face-rest-example
geomajas-project-server,geomajas-face-rest,org.geomajas,Geomajas server: REST – Implementation,/plugin/face-rest/face-rest
geomajas-project-server,geomajas-server-plugin-face-rest-javadoc,org.geomajas.plugin,Geomajas Server: Plugin Face Rest - Javadoc,/plugin/face-rest/face-rest-javadoc
geomajas-project-server,geomajas-server-plugin-geocoder-parent,org.geomajas.plugin,Geomajas server: Plugin geocoder – Parent,/plugin/geocoder
geomajas-project-server,geomajas-plugin-geocoder,org.geomajas.plugin,Geomajas server: Plugin geocoder – Implementation,/plugin/geocoder/geocoder
geomajas-project-server,geomajas-plugin-geocoder-documentation,org.geomajas.plugin,Geomajas server: Plugin geocoder - Documentation,/plugin/geocoder/geocoder-documentation
geomajas-project-server,geomajas-server-plugin-geocoder-javadoc,org.geomajas.plugin,Geomajas Server: Plugin Geocoder - Javadoc,/plugin/geocoder/geocoder-javadoc
geomajas-project-server,geomajas-server-layer-common-parent,org.geomajas.plugin,Geomajas server: Layer common – Parent,/plugin/layer-common
geomajas-project-server,geomajas-layer-common-documentation,org.geomajas.plugin,Geomajas server: Layer common – Documentation,/plugin/layer-common/layer-common-documentation
geomajas-project-server,geomajas-plugin-layer-common,org.geomajas.plugin,Geomajas server: Layer common – Implementation,/plugin/layer-common/layer-common
geomajas-project-server,geomajas-server-plugin-layer-common-javadoc,org.geomajas.plugin,Geomajas Server: Plugin Layer Common - Javadoc,/plugin/layer-common/layer-common-javadoc
geomajas-project-server,geomajas-server-layer-geotools-parent,org.geomajas.plugin,Geomajas server: Layer geotools – Parent,/plugin/layer-geotools
geomajas-project-server,geomajas-layer-geotools-documentation,org.geomajas.plugin,Geomajas server: Layer geotools – Documentation,/plugin/layer-geotools/geotools-documentation
geomajas-project-server,geomajas-layer-geotools,org.geomajas.plugin,Geomajas server: Layer geotools – Implementation,/plugin/layer-geotools/geotools
geomajas-project-server,geomajas-server-plugin-layer-geotools-javadoc,org.geomajas.plugin,Geomajas Server: Plugin Layer Geotools - Javadoc,/plugin/layer-geotools/geotools-javadoc
geomajas-project-server,geomajas-server-layer-googlemaps-parent,org.geomajas.plugin,Geomajas server: Layer googlemaps – Parent,/plugin/layer-googlemaps
geomajas-project-server,geomajas-layer-googlemaps-documentation,org.geomajas.plugin,Geomajas server: Layer googlemaps – Documentation,/plugin/layer-googlemaps/googlemaps-documentation
geomajas-project-server,geomajas-layer-googlemaps,org.geomajas.plugin,Geomajas server: Layer googlemaps – Implementation,/plugin/layer-googlemaps/googlemaps
geomajas-project-server,geomajas-server-plugin-layer-googlemaps-javadoc,org.geomajas.plugin,Geomajas Server: Plugin Layer Googlemaps - Javadoc,/plugin/layer-googlemaps/googlemaps-javadoc
geomajas-project-server,geomajas-server-layer-hibernate-parent,org.geomajas.plugin,Geomajas server: Layer hibernate – Parent,/plugin/layer-hibernate
geomajas-project-server,geomajas-layer-hibernate-documentation,org.geomajas.plugin,Geomajas server: Layer hibernate – Documentation,/plugin/layer-hibernate/hibernate-documentation
geomajas-project-server,geomajas-layer-hibernate,org.geomajas.plugin,Geomajas server: Layer hibernate – Implementation,/plugin/layer-hibernate/hibernate
geomajas-project-server,geomajas-server-plugin-layer-hibernate-javadoc,org.geomajas.plugin,Geomajas Server: Plugin Layer Hibernate - Javadoc,/plugin/layer-hibernate/hibernate-javadoc
geomajas-project-server,geomajas-server-layer-openstreetmap-parent,org.geomajas.plugin,Geomajas server: Layer openstreetmap – Parent,/plugin/layer-openstreetmap
geomajas-project-server,geomajas-layer-openstreetmap-documentation,org.geomajas.plugin,Geomajas server: Layer openstreetmap – Documentation,/plugin/layer-openstreetmap/openstreetmap-documentation
geomajas-project-server,geomajas-layer-openstreetmap,org.geomajas.plugin,Geomajas server: Layer openstreetmap – Implementation,/plugin/layer-openstreetmap/openstreetmap
geomajas-project-server,geomajas-server-plugin-layer-openstreetmap-javadoc,org.geomajas.plugin,Geomajas server: Layer openstreetmap – Javadoc,/plugin/layer-openstreetmap/openstreetmap-javadoc
geomajas-project-server,geomajas-server-layer-tms-parent,org.geomajas.plugin,Geomajas server: Layer TMS – Parent,/plugin/layer-tms
geomajas-project-server,geomajas-layer-tms-documentation,org.geomajas.plugin,Geomajas server: Layer TMS – Documentation,/plugin/layer-tms/tms-documentation
geomajas-project-server,geomajas-layer-tms,org.geomajas.plugin,Geomajas server: Layer TMS – Implementation,/plugin/layer-tms/tms
geomajas-project-server,geomajas-server-plugin-layer-tms-javadoc,org.geomajas.plugin,Geomajas server: Layer TMS – Javadoc,/plugin/layer-tms/tms-javadoc
geomajas-project-server,geomajas-server-layer-wms-parent,org.geomajas.plugin,Geomajas server: Layer WMS – Parent,/plugin/layer-wms
geomajas-project-server,geomajas-layer-wms-documentation,org.geomajas.plugin,Geomajas server: Layer WMS – Documentation,/plugin/layer-wms/wms-documentation
geomajas-project-server,geomajas-layer-wms,org.geomajas.plugin,Geomajas server: Layer WMS – Implementation,/plugin/layer-wms/wms
geomajas-project-server,geomajas-server-plugin-layer-wms-javadoc,org.geomajas.plugin,Geomajas server: Layer WMS – Javadoc,/plugin/layer-wms/wms-javadoc
geomajas-project-server,geomajas-server-plugin-print-parent,org.geomajas.plugin,Geomajas server: Plugin print – Parent,/plugin/print
geomajas-project-server,geomajas-plugin-print,org.geomajas.plugin,Geomajas server: Plugin print – Implementation,/plugin/print/print
geomajas-project-server,geomajas-plugin-print-documentation,org.geomajas.plugin,Geomajas server: Plugin print – Documentation,/plugin/print/print-documentation
geomajas-project-server,geomajas-server-plugin-print-javadoc,org.geomajas.plugin,Geomajas server: Plugin print – Javadoc,/plugin/print/print-javadoc
geomajas-project-server,geomajas-server-plugin-profiling-parent,org.geomajas.plugin,Geomajas server: Plugin profiling – Parent,/plugin/profiling
geomajas-project-server,profiling-documentation,org.geomajas.plugin,Geomajas server: Plugin profiling – Documentation,/plugin/profiling/profiling-documentation
geomajas-project-server,geomajas-plugin-profiling,org.geomajas.plugin,Geomajas server: Plugin profiling – Implementation,/plugin/profiling/profiling
geomajas-project-server,geomajas-server-plugin-profiling-javadoc,org.geomajas.plugin,Geomajas server: Plugin profiling – Javadoc,/plugin/profiling/profiling-javadoc
geomajas-project-server,geomajas-server-plugin-rasterizing-parent,org.geomajas.plugin,Geomajas server: Plugin rasterizing – Parent,/plugin/rasterizing
geomajas-project-server,rasterizing-documentation,org.geomajas.plugin,Rasterizing documentation,/plugin/rasterizing/rasterizing-documentation
geomajas-project-server,geomajas-plugin-rasterizing,org.geomajas.plugin,Geomajas server: Plugin rasterizing – Implementation,/plugin/rasterizing/rasterizing
geomajas-project-server,geomajas-server-plugin-rasterizing-javadoc,org.geomajas.plugin,Geomajas server: Plugin rasterizing – Javadoc,/plugin/rasterizing/rasterizing-javadoc
geomajas-project-server,geomajas-server-plugin-reporting-parent,org.geomajas.plugin,Geomajas server: Plugin reporting – Parent,/plugin/reporting
geomajas-project-server,geomajas-plugin-reporting-documentation,org.geomajas.plugin,Geomajas server: Plugin reporting – Documentation,/plugin/reporting/reporting-documentation
geomajas-project-server,geomajas-plugin-reporting,org.geomajas.plugin,Geomajas server: Plugin reporting – Implementation,/plugin/reporting/reporting
geomajas-project-server,geomajas-server-plugin-reporting-javadoc,org.geomajas.plugin,Geomajas server: Plugin reporting – Javadoc,/plugin/reporting/reporting-javadoc
geomajas-project-server,geomajas-server-plugin-runtimeconfig-parent,org.geomajas.plugin,Geomajas server: Plugin runtimeconfig – Parent,/plugin/runtimeconfig
geomajas-project-server,geomajas-plugin-runtimeconfig-documentation,org.geomajas.plugin,Geomajas server: Plugin runtimeconfig – Documentation,/plugin/runtimeconfig/runtimeconfig-documentation
geomajas-project-server,geomajas-plugin-runtimeconfig,org.geomajas.plugin,Geomajas server: Plugin runtimeconfig – Implementation,/plugin/runtimeconfig/runtimeconfig
geomajas-project-server,geomajas-server-plugin-runtimeconfig-javadoc,org.geomajas.plugin,Geomajas server: Plugin runtimeconfig – Javadoc,/plugin/runtimeconfig/runtimeconfig-javadoc
geomajas-project-server,geomajas-server-plugin-staticsecurity-parent,org.geomajas.plugin,Geomajas server: Plugin staticsecurity – Parent,/plugin/staticsecurity
geomajas-project-server,geomajas-plugin-staticsecurity-ldap,org.geomajas.plugin,Geomajas server: Plugin staticsecurity – LDAP,/plugin/staticsecurity/staticsecurity-ldap
geomajas-project-server,geomajas-plugin-staticsecurity,org.geomajas.plugin,Geomajas server: Plugin staticsecurity – Implementation,/plugin/staticsecurity/staticsecurity
geomajas-project-server,geomajas-plugin-staticsecurity-documentation,org.geomajas.plugin,Geomajas server: Plugin staticsecurity – Documentation,/plugin/staticsecurity/staticsecurity-documentation
geomajas-project-server,geomajas-server-plugin-staticsecurity-javadoc,org.geomajas.plugin,Geomajas server: Plugin staticsecurity – Javadoc,/plugin/staticsecurity/staticsecurity-javadoc
geomajas-project-server,geomajas-server-plugin-vendorspecificpipeline-parent,org.geomajas.plugin,Geomajas server: Plugin vendorspecificpipeline – Parent,/plugin/vendorspecificpipeline
geomajas-project-server,geomajas-plugin-vendorspecificpipeline-documentation,org.geomajas.plugin,Geomajas server: Plugin vendorspecificpipeline – Documentation,/plugin/vendorspecificpipeline/vendorspecificpipeline-documentation
geomajas-project-server,geomajas-plugin-vendorspecificpipeline,org.geomajas.plugin,Geomajas server: Plugin vendorspecificpipeline – Implementation,/plugin/vendorspecificpipeline/vendorspecificpipeline
geomajas-project-server,geomajas-server-plugin-vendorspecificpipeline-javadoc,org.geomajas.plugin,Geomajas server: Plugin vendorspecificpipeline – Javadoc,/plugin/vendorspecificpipeline/vendorspecificpipeline-javadoc
geomajas-project-client-gwt2,geomajas-project-client-gwt2,org.geomajas.project,Geomajas GWT2 client: Parent POM,/
geomajas-project-client-gwt2,geomajas-client-gwt2-api,org.geomajas,Geomajas GWT2 client: Main – API,/api
geomajas-project-client-gwt2,geomajas-client-common-gwt-parent,org.geomajas,Geomajas GWT2 client: Commons – Parent,/common-gwt
geomajas-project-client-gwt2,geomajas-client-common-gwt-command,org.geomajas,Geomajas GWT2 client: Commons - Command Service,/common-gwt/command
geomajas-project-client-gwt2,geomajas-client-common-gwt,org.geomajas,Geomajas GWT2 client: Commons – Library,/common-gwt/common-gwt
geomajas-project-client-gwt2,geomajas-client-common-gwt-documentation,org.geomajas,Geomajas GWT2 client: Commons – Documentation,/common-gwt/documentation
geomajas-project-client-gwt2,geomajas-client-gwt2-documentation,org.geomajas,Geomajas GWT2 client: Main – Documentation,/documentation
geomajas-project-client-gwt2,geomajas-client-gwt2-example-base,org.geomajas,Geomajas GWT2 client: Main - Showcase API,/example-base
geomajas-project-client-gwt2,geomajas-client-gwt2-example-jar,org.geomajas,Geomajas GWT2 client: Main - Showcase samples,/example-jar
geomajas-project-client-gwt2,geomajas-client-gwt2-example,org.geomajas,Geomajas GWT2 client: Main - Showcase App,/example
geomajas-project-client-gwt2,geomajas-client-gwt2-impl,org.geomajas,Geomajas GWT2 client: Main – Implementation,/impl
geomajas-project-client-gwt2,geomajas-client-gwt2-plugin-parent,org.geomajas.plugin,Geomajas GWT2 client: Plugin – Parent,/plugin
geomajas-project-client-gwt2,geomajas-client-gwt2-plugin-corewidget-parent,org.geomajas.plugin,Geomajas GWT2 client: Plugin Core Widget – Parent,/plugin/corewidget
geomajas-project-client-gwt2,geomajas-client-gwt2-plugin-corewidget,org.geomajas.plugin,Geomajas GWT2 client: Plugin Core Widget – Library,/plugin/corewidget/corewidget
geomajas-project-client-gwt2,geomajas-client-gwt2-plugin-corewidget-documentation,org.geomajas.plugin,Geomajas GWT2 client: Plugin Core Widget – Documentation,/plugin/corewidget/documentation
geomajas-project-client-gwt2,geomajas-client-gwt2-plugin-corewidget-example-jar,org.geomajas.plugin,Geomajas GWT2 client: Plugin Core Widget – Samples,/plugin/corewidget/example-jar
geomajas-project-client-gwt2,geomajas-client-gwt2-plugin-corewidget-example,org.geomajas.plugin,Geomajas GWT2 client: Plugin Core Widget – Example,/plugin/corewidget/example
geomajas-project-client-gwt2,geomajas-client-gwt2-plugin-editing-parent,org.geomajas.plugin,Geomajas GWT2 client: Plugin Editing – Parent,/plugin/editing
geomajas-project-client-gwt2,geomajas-client-gwt2-plugin-editing-common,org.geomajas.plugin,Geomajas GWT2 client: Plugin Editing – Commons,/plugin/editing/common
geomajas-project-client-gwt2,geomajas-client-gwt2-plugin-editing-documentation,org.geomajas.plugin,Geomajas GWT2 client: Plugin Editing – Documentation,/plugin/editing/documentation
geomajas-project-client-gwt2,geomajas-client-gwt2-plugin-editing-example-jar,org.geomajas.plugin,Geomajas GWT2 client: Plugin Editing – Examples,/plugin/editing/example-jar
geomajas-project-client-gwt2,geomajas-client-gwt2-plugin-editing-example,org.geomajas.plugin,Geomajas GWT2 client: Plugin Editing - Example Application,/plugin/editing/example
geomajas-project-client-gwt2,geomajas-client-gwt2-plugin-editing-impl,org.geomajas.plugin,Geomajas GWT2 client: Plugin Editing – Implementation,/plugin/editing/impl
geomajas-project-client-gwt2,geomajas-client-gwt2-plugin-editing-server-extension,org.geomajas.plugin,Geomajas GWT2 client: Plugin Editing - Server Extension,/plugin/editing/server-extension
geomajas-project-client-gwt2,geomajas-client-gwt2-plugin-geocoder-parent,org.geomajas.plugin,Geomajas GWT2 client: Plugin Geocoder – Parent,/plugin/geocoder
geomajas-project-client-gwt2,geomajas-client-gwt2-plugin-geocoder-documentation,org.geomajas.plugin,Geomajas Plugin Geocoder GWT2 Client – Documentation,/plugin/geocoder/documentation
geomajas-project-client-gwt2,geomajas-client-gwt2-plugin-geocoder-example-jar,org.geomajas.plugin,Geomajas GWT2 client: Plugin Geocoder – Samples,/plugin/geocoder/example-jar
geomajas-project-client-gwt2,geomajas-client-gwt2-plugin-geocoder-example,org.geomajas.plugin,Geomajas Plugin Geocoder GWT2 Client: Example Application,/plugin/geocoder/example
geomajas-project-client-gwt2,geomajas-client-gwt2-plugin-geocoder,org.geomajas.plugin,Geomajas GWT2 client: Plugin Geocoder – Library,/plugin/geocoder/geocoder
geomajas-project-client-gwt2,geomajas-client-gwt2-plugin-graphicsediting-parent,org.geomajas.plugin,Geomajas GWT2 client: Plugin GraphicsEditing – Parent,/plugin/graphicsediting
geomajas-project-client-gwt2,geomajas-client-gwt2-plugin-graphicsediting-documentation,org.geomajas.plugin,Geomajas GWT2 client: Plugin Graphics Editing – Documentation,/plugin/graphicsediting/documentation
geomajas-project-client-gwt2,geomajas-client-gwt2-plugin-graphicsediting-example-jar,org.geomajas.plugin,Geomajas GWT2 client: Plugin GraphicsEditing – Samples,/plugin/graphicsediting/example-jar
geomajas-project-client-gwt2,geomajas-client-gwt2-plugin-graphicsediting-example,org.geomajas.plugin,Geomajas Graphics Editing Showcase Example Application,/plugin/graphicsediting/example
geomajas-project-client-gwt2,geomajas-client-gwt2-plugin-graphicsediting-impl,org.geomajas.plugin,Geomajas GWT2 client: Plugin GraphicsEditing – Implementation,/plugin/graphicsediting/impl
geomajas-project-client-gwt2,geomajas-client-gwt2-plugin-print-parent,org.geomajas.plugin,Geomajas GWT2 client: Plugin Print – Parent,/plugin/print
geomajas-project-client-gwt2,geomajas-client-gwt2-plugin-print-common,org.geomajas.plugin,Geomajas GWT2 client: Plugin Print – Common,/plugin/print/common
geomajas-project-client-gwt2,geomajas-client-gwt2-plugin-print-documentation,org.geomajas.plugin,Geomajas GWT2 client: Plugin Print – Documentation,/plugin/print/documentation
geomajas-project-client-gwt2,geomajas-client-gwt2-plugin-print-example-jar,org.geomajas.plugin,Geomajas GWT2 client: Plugin Print – Examples,/plugin/print/example-jar
geomajas-project-client-gwt2,geomajas-client-gwt2-plugin-print-example,org.geomajas.plugin,Geomajas GWT2 client: Plugin Print - Standalone sample application,/plugin/print/example
geomajas-project-client-gwt2,geomajas-client-gwt2-plugin-print-impl,org.geomajas.plugin,Geomajas GWT2 client: Plugin Print – Implementation,/plugin/print/impl
geomajas-project-client-gwt2,geomajas-client-gwt2-plugin-rasterizing-parent,org.geomajas.plugin,Geomajas GWT2 client: Plugin Rasterizing – Parent,/plugin/rasterizing
geomajas-project-client-gwt2,geomajas-client-gwt2-plugin-rasterizing,org.geomajas.plugin,Geomajas GWT2 client: Plugin Rasterizing – Library,/plugin/rasterizing/rasterizing
geomajas-project-client-gwt2,geomajas-client-gwt2-plugin-wms-parent,org.geomajas.plugin,Geomajas GWT2 client: Plugin WMS – Parent,/plugin/wms
geomajas-project-client-gwt2,geomajas-client-gwt2-plugin-wms-documentation,org.geomajas.plugin,Geomajas GWT2 client: Plugin WMS – Documentation,/plugin/wms/documentation
geomajas-project-client-gwt2,geomajas-client-gwt2-plugin-wms-example-jar,org.geomajas.plugin,Geomajas GWT2 client: Plugin WMS – Examples,/plugin/wms/example-jar
geomajas-project-client-gwt2,geomajas-client-gwt2-plugin-wms-print,org.geomajas.plugin,Geomajas GWT2 client: Plugin WMS - Print extension,/plugin/wms/print
geomajas-project-client-gwt2,geomajas-client-gwt2-plugin-wms-server-extension,org.geomajas.plugin,Geomajas GWT2 client: Plugin WMS - Server Extension,/plugin/wms/server-extension
geomajas-project-client-gwt2,geomajas-client-gwt2-plugin-wms,org.geomajas.plugin,Geomajas GWT2 client: Plugin WMS – Library,/plugin/wms/wms
geomajas-project-client-gwt2,geomajas-client-gwt2-plugin-tilebasedlayer-parent,org.geomajas.plugin,Geomajas GWT2 client: Plugin Tilebasedlayer – Parent,/plugin/tilebasedlayer
geomajas-project-client-gwt2,geomajas-client-gwt2-plugin-tilebasedlayer-documentation,org.geomajas.plugin,Geomajas GWT2 client: Plugin Tilebasedlayer – Documentation,/plugin/tilebasedlayer/documentation
geomajas-project-client-gwt2,geomajas-client-gwt2-plugin-tilebasedlayer-javadoc,org.geomajas.plugin,Geomajas GWT2 client: Plugin Tilebasedlayer – Javadoc,/plugin/tilebasedlayer/javadoc
geomajas-project-client-gwt2,geomajas-client-gwt2-plugin-tilebasedlayer-example-jar,org.geomajas.plugin,Geomajas GWT2 client: Plugin Tilebasedlayer – Examples,/plugin/tilebasedlayer/example-jar
geomajas-project-client-gwt2,geomajas-client-gwt2-plugin-tilebasedlayer,org.geomajas.plugin,Geomajas GWT2 client: Plugin Tilebasedlayer – Library,/plugin/tilebasedlayer/impl
geomajas-project-client-gwt2,geomajas-client-gwt2-server-extension,org.geomajas,Geomajas GWT2 client: Main - Server Extension,/server-extension
geomajas-build-tools,geomajas-build-tools,org.geomajas.project,,/
geomajas-build-tools,geomajas-checkstyle,org.geomajas,Geomajas checkstyle configuration,/geomajas-checkstyle
geomajas-build-tools,geomajas-dep,org.geomajas,Geomajas dependencies,/geomajas-dep
geomajas-build-tools,geomajas-jetty-runner,org.geomajas,Geomajas Jetty runner,/geomajas-jetty-runner
geomajas-build-tools,geomajas-maven-plugin,org.geomajas,Geomajas maven plugin,/geomajas-maven-plugin
geomajas-build-tools,geomajas-jdocbook-style,org.geomajas.documentation,JDocBook styles for User Guide for Developers,/style
geomajas-gwt2-mobile-quickstart-application,geomajas-gwt2-mobile-quickstart-application,org.geomajas,Geomajas GWT2 mobile quickstart application,/
geomajas-project-hammer-gwt,geomajas-project-hammer-gwt-all,org.geomajas.hammergwt,hammer gwt,/
geomajas-project-hammer-gwt,geomajas-project-hammer-gwt-documentation,org.geomajas.project,Hammer GWT wrapper documentation,/documentation
geomajas-project-hammer-gwt,geomajas-project-hammer-gwt-example,org.geomajas.hammergwt,1.0.0,/hammer-gwt-example
geomajas-project-hammer-gwt,geomajas-project-hammer-gwt-impl,org.geomajas.hammergwt,1.0.0,/hammer-gwt-impl
geomajas-gwt2-quickstart-application,geomajas-gwt2-quickstart-application,org.geomajas,Geomajas GWT2 quickstart application,/
geomajas-gwt-quickstart-application,geomajas-gwt-quickstart-application,org.geomajas,Geomajas GWT quickstart application,/
geomajas-parents,geomajas-parents,org.geomajas.project,,/
geomajas-parents,geomajas-al-parent,org.geomajas,Geomajas parent module for Apache licensed projects,/geomajas-al-parent
geomajas-parents,geomajas-doc-parent,org.geomajas,Geomajas documentation parent,/geomajas-doc-parent
geomajas-parents,geomajas-parent,org.geomajas,Geomajas parent module,/geomajas-parent
geomajas-widget-definitions-sample,example,org.geomajas.widget,,/example
geomajas-project-graphics,geomajas-project-graphics-all,org.geomajas.project,Geomajas Graphics Project,/
geomajas-project-graphics,geomajas-project-graphics-documentation,org.geomajas.documentation,Geomajas Graphics documentation,/documentation
geomajas-project-graphics,geomajas-project-graphics-example,org.geomajas.project,Geomajas Graphics example,/example
geomajas-project-graphics,geomajas-project-graphics-all,org.geomajas.project,Geomajas Graphics,/graphics
geomajas-project-documentation,docbook,org.geomajas.documentation,Geomajas documentation,/
geomajas-project-documentation,docbook-contributorguide,org.geomajas.documentation,Contributor Guide,/contributorguide
geomajas-project-documentation,docbook-devuserguide,org.geomajas.documentation,User Guide for Developers,/devuserguide
geomajas-project-documentation,application.gwt2.archetype,org.geomajas.documentation,GWT2 Example Application Guide,/enduserguide-application-gwt2
geomajas-project-documentation,application.smartgwt.archetype,org.geomajas.documentation,SmartGWT Example Application Guide,/enduserguide-application-smartgwt
geomajas-project-documentation,docbook-enduserguide,org.geomajas.documentation,User Guide for End Users,/enduserguide
geomajas-project-documentation,docbook-gettingstarted,org.geomajas.documentation,Getting started,/gettingstarted
geomajas-project-geometry,geomajas-project-geometry-all,org.geomajas.project,Geomajas Geometry Project,/
geomajas-project-geometry,geomajas-project-geometry-core,org.geomajas.project,Geomajas Geometry core,/core
geomajas-project-geometry,geomajas-project-geometry-documentation,org.geomajas.project,Geomajas Geometry documentation,/documentation
geomajas-project-geometry,geomajas-project-geometry-jts,org.geomajas.project,Geomajas Geometry JTS support,/jts
geomajas-project-sld-editor,geomajas-project-sld-editor-all,org.geomajas.project,Geomajas SLD editor project,/
geomajas-project-sld-editor,geomajas-project-sld-editor-documentation,org.geomajas.project,Geomajas SLD editor documentation,/documentation
geomajas-project-sld-editor,geomajas-project-sld-editor-expert-common,org.geomajas.project,Geomajas Expert SLD Editor common,/expert-common
geomajas-project-sld-editor,geomajas-project-sld-editor-expert-gwt-example-jar,org.geomajas.project,Geomajas Expert SLD Editor GWT example code,/expert-gwt-example-jar
geomajas-project-sld-editor,geomajas-project-sld-editor-expert-gwt-example,org.geomajas.project,Geomajas Expert SLD Editor GWT example,/expert-gwt-example
geomajas-project-sld-editor,geomajas-project-sld-editor-expert-gwt,org.geomajas.project,Geomajas Expert SLD GWT client library,/expert-gwt
geomajas-project-sld-editor,geomajas-project-sld-editor-expert-gwt2-example-jar,org.geomajas.project,Geomajas Expert SLD Editor GWT 2 example code,/expert-gwt2-example-jar
geomajas-project-sld-editor,geomajas-project-sld-editor-expert-gwt2-example,org.geomajas.project,Geomajas Expert SLD Editor GWT 2 example,/expert-gwt2-example
geomajas-project-sld-editor,geomajas-project-sld-editor-expert-gwt2,org.geomajas.project,Geomajas Expert SLD GWT 2 client library,/expert-gwt2
geomajas-project-api,geomajas-project-api-all,org.geomajas.project,Geomajas API project,/
geomajas-project-api,geomajas-project-api-annotation,org.geomajas.project,Geomajas API project annotations,/annotation
geomajas-project-sld,geomajas-project-sld-all,org.geomajas.project,Geomajas SLD project,/
geomajas-project-sld,geomajas-project-sld-api,org.geomajas.project,Geomajas SLD API,/api
geomajas-project-sld,geomajas-project-sld-documentation,org.geomajas.project,Geomajas SLD project documentation,/documentation
geomajas-project-sld,geomajas-project-sld-impl,org.geomajas.project,Geomajas SLD implementation,/impl
geomajas-project-codemirror-gwt,geomajas-project-codemirror-gwt-all,org.geomajas.project,Geomajas Codemirror GWT wrapper project.,/
geomajas-project-codemirror-gwt,geomajas-project-codemirror-gwt,org.geomajas.project,Codemirror GWT wrapper,/codemirror
geomajas-project-codemirror-gwt,geomajas-project-codemirror-gwt-documentation,org.geomajas.project,Geomajas Codemirror GWT wrapper documentation,/documentation
geomajas-project-codemirror-gwt,geomajas-project-codemirror-gwt-example,org.geomajas.project,Geomajas Codemirror GWT (example),/example
geomajas-project-profiling,geomajas-project-profiling-all,org.geomajas.project,Geomajas profiling project parent,/
geomajas-project-profiling,geomajas-project-profiling-documentation,org.geomajas.documentation,Geomajas profiling project documentation,/documentation
geomajas-project-profiling,geomajas-project-profiling,org.geomajas.project,profiling,/profiling
geomajas-project-deskmanager,geomajas-project-deskmanager,org.geomajas.project,Geomajas Project Deskmanager – Parent,/
geomajas-project-deskmanager,geomajas-project-deskmanager,org.geomajas,Geomajas Project Deskmanager – Impl,/impl
geomajas-project-deskmanager,geomajas-project-deskmanager,org.geomajas,Geomajas Project Deskmanager – Gwt,/gwt
geomajas-project-deskmanager,geomajas-project-deskmanager,org.geomajas,Geomajas Project Deskmanager – Documentation,/documentation
geomajas-project-deskmanager,geomajas-project-deskmanager,org.geomajas,Geomajas GWT client: Plugin Widget Advancedviews - Deskmanager Editor,/plugin/widget-advancedviews/advancedviews-editor
geomajas-project-deskmanager,geomajas-project-deskmanager,org.geomajas,Geomajas GWT client: Plugin Widget Layer - Deskmanager Editor,/plugin/widget-layer/layer-editor
geomajas-project-deskmanager,geomajas-project-deskmanager,org.geomajas,Geomajas GWT client: Plugin Searchandfilter - Deskmanager Editor,/plugin/widget-searchandfilter/searchandfilter-editor
